{"flutter":{"platforms":{"android":{"default":{"projectId":"newcontroller-65623","appId":"1:777462013406:android:32b926f1aa7ed9d286914f","fileOutput":"android/app/google-services.json"}},"dart":{"lib/firebase_options.dart":{"projectId":"newcontroller-65623","configurations":{"android":"1:777462013406:android:32b926f1aa7ed9d286914f","ios":"1:777462013406:ios:1e3094292c18e13f86914f","macos":"1:777462013406:ios:1e3094292c18e13f86914f","web":"1:777462013406:web:0d36a1a711a25cba86914f","windows":"1:777462013406:web:04fd09c3b471f5f586914f"}}}}}}