{
  "project_info": {
    "project_number": "777462013406",
    "project_id": "newcontroller-65623",
    "storage_bucket": "newcontroller-65623.firebasestorage.app"
  },
  "client": [
    {
      "client_info": {
        "mobilesdk_app_id": "1:777462013406:android:32b926f1aa7ed9d286914f",
        "android_client_info": {
          "package_name": "com.example.newcontroller"
        }
      },
      "oauth_client": [],
      "api_key": [
        {
          "current_key": "AIzaSyAvmgrfSZsXpLbKLT85kxDS1vk0Fin9QTk"
        }
      ],
      "services": {
        "appinvite_service": {
          "other_platform_oauth_client": []
        }
      }
    }
  ],
  "configuration_version": "1"
}